{"bow_log_reg_sklearn_train": 0.9977685523449276, "bow_log_reg_sklearn_test": 0.8632912603519866, "bow_nn_torch_train": 0.9887483487752204, "bow_nn_torch_test": 0.8672412424667111, "bow_k_vary": [0.6849881713154491, 0.8115481496864065, 0.841793171316053, 0.8518187712398974, 0.8594129159836618, 0.8617593843937713, 0.86401283245864, 0.8651196537613622, 0.8682320903519902], "tf_idf_nn_torch_train": 0.9992967918351553, "tf_idf_nn_torch_test": 0.8733548536506076, "tf_idf_k_vary": [0.6849881713154491, 0.8115481496864065, 0.841793171316053, 0.8518187712398974, 0.8594129159836618, 0.8617593843937713, 0.86401283245864, 0.8651196537613622, 0.8682320903519902], "bow_nb_sklearn_train": 0.9734988140675616, "bow_nb_sklearn_test": 0.8734907599991737, "tf_idf_nb_sklearn_test": 0.9794988140675616, "tf_idf_nb_sklearn_train": 0.9844988140675616, "emb_nn_torch_test": 0.8885875209703497, "emb_nn_torch_train": 0.8993551635846785}